Team,Age,W,L,PW,PL,MOV,SOS,SRS,ORtg,DRtg,NRtg,Pace,FTr,3PAr,TS%,Off_eFG%,Off_TOV%,ORB%,Off_FT/FGA,Def_eFG%,Def_TOV%,DRB%,Def_FT/FGA,G,MP,FG,FGA,FG%,3P,3PA,3P%,2P,2PA,2P%,FT,FTA,FT%,ORB,DRB,TRB,AST,STL,BLK,TOV,PF,PTS,Year
San Antonio Spurs,27.3,57.0,25.0,62,20,7.22,0.29,7.51,102.2,94.1,8.1,89.2,0.322,0.177,0.511,0.473,14.1,29.5,0.219,0.433,14.8,74.6,0.215,82,19755,38.7,87.6,0.442,5.6,15.5,0.358,33.2,72.1,0.46,19.2,28.2,0.681,14.0,36.4,50.4,22.8,9.0,7.3,16.4,22.7,102.2,2004
Detroit Pistons,27.4,54.0,28.0,59,23,5.84,-0.81,5.04,102.0,95.4,6.6,87.9,0.328,0.153,0.511,0.461,14.7,30.1,0.247,0.441,15.5,71.8,0.202,82,19780,37.9,87.2,0.435,4.6,13.4,0.344,33.3,73.8,0.452,21.6,28.6,0.753,14.0,34.4,48.4,23.5,9.1,7.9,17.1,23.0,102.0,2004
Indiana Pacers,27.1,61.0,21.0,58,24,5.76,-0.82,4.93,103.8,97.2,6.6,87.5,0.319,0.203,0.52,0.471,14.1,28.5,0.243,0.459,15.7,73.9,0.218,82,19805,38.1,87.5,0.435,6.2,17.7,0.351,31.9,69.8,0.457,21.3,27.9,0.764,13.4,34.0,47.3,24.6,10.1,5.7,16.4,23.7,103.8,2004
Minnesota Timberwolves,29.7,58.0,24.0,57,25,5.49,0.37,5.86,105.9,99.7,6.2,89.0,0.265,0.137,0.528,0.486,12.4,26.7,0.207,0.444,12.9,72.5,0.215,82,19755,41.4,89.7,0.462,4.5,12.2,0.363,37.0,77.5,0.477,18.6,23.8,0.781,11.9,36.1,48.1,25.8,7.7,6.3,14.2,23.6,105.9,2004
Sacramento Kings,29.3,55.0,27.0,55,27,5.01,0.4,5.41,110.3,104.9,5.4,92.8,0.305,0.223,0.554,0.507,13.0,26.0,0.242,0.483,13.7,69.8,0.193,82,19780,40.6,87.8,0.462,7.9,19.6,0.401,32.7,68.2,0.48,21.3,26.7,0.795,11.6,32.6,44.2,28.1,9.3,4.3,14.9,20.7,110.3,2004
Dallas Mavericks,27.4,52.0,30.0,53,29,4.44,0.42,4.86,112.1,107.4,4.7,93.2,0.256,0.201,0.536,0.495,11.1,31.4,0.204,0.498,13.9,71.6,0.214,82,19805,43.2,94.0,0.459,6.6,18.9,0.348,36.6,75.1,0.488,19.2,24.1,0.796,15.3,33.0,48.3,25.5,8.5,5.7,13.0,20.9,112.1,2004
Los Angeles Lakers,29.8,56.0,26.0,52,30,3.9,0.45,4.35,105.5,101.3,4.2,92.3,0.352,0.167,0.522,0.481,12.8,28.1,0.244,0.471,14.3,73.3,0.222,82,19855,39.7,87.4,0.454,4.8,14.6,0.327,34.9,72.8,0.479,21.4,30.8,0.693,13.1,33.2,46.3,25.5,8.9,5.0,14.8,22.7,105.5,2004
New Jersey Nets,27.7,47.0,35.0,49,33,2.5,-0.63,1.88,100.8,98.0,2.8,89.4,0.291,0.176,0.515,0.471,14.4,25.9,0.219,0.46,15.7,73.9,0.221,82,19705,38.3,86.8,0.441,5.1,15.3,0.336,33.2,71.5,0.464,19.0,25.3,0.753,11.7,33.7,45.4,27.4,9.7,4.4,16.5,23.5,100.8,2004
Memphis Grizzlies,26.0,50.0,32.0,48,34,2.44,0.52,2.95,104.8,102.2,2.6,91.4,0.322,0.197,0.522,0.479,13.9,29.5,0.234,0.465,15.7,68.4,0.251,82,19880,39.2,88.0,0.445,5.9,17.4,0.34,33.2,70.6,0.471,20.6,28.3,0.727,13.8,31.5,45.3,25.3,10.5,7.5,16.2,25.1,104.8,2004
Houston Rockets,28.3,45.0,37.0,47,35,1.73,0.55,2.28,100.9,99.0,1.9,87.8,0.286,0.227,0.528,0.484,16.4,26.5,0.221,0.447,13.1,74.5,0.233,82,19930,37.5,84.9,0.442,7.1,19.3,0.366,30.5,65.7,0.464,18.8,24.3,0.773,11.6,36.3,47.9,21.7,7.7,6.1,18.8,24.2,100.9,2004
Denver Nuggets,25.6,43.0,39.0,44,38,1.07,0.58,1.65,103.9,102.7,1.2,93.3,0.319,0.146,0.517,0.467,14.2,30.5,0.245,0.481,15.6,69.3,0.221,82,19730,39.0,88.1,0.443,4.3,12.8,0.336,34.7,75.3,0.461,21.6,28.1,0.767,14.1,31.1,45.2,23.4,9.7,6.8,16.7,23.5,103.9,2004
Milwaukee Bucks,26.5,41.0,41.0,44,38,1.06,-0.64,0.42,106.5,105.4,1.1,91.6,0.33,0.172,0.528,0.477,12.7,27.6,0.255,0.485,13.3,71.8,0.213,82,19780,39.4,88.1,0.447,5.3,15.2,0.35,34.0,72.9,0.467,22.5,29.0,0.775,12.7,33.2,45.9,24.8,7.3,5.1,14.7,22.1,106.5,2004
Miami Heat,26.4,42.0,40.0,43,39,0.52,-0.65,-0.13,102.2,101.7,0.5,88.0,0.298,0.211,0.51,0.463,13.5,27.4,0.227,0.463,14.5,73.4,0.26,82,19755,37.7,88.6,0.425,6.7,18.7,0.357,31.0,69.9,0.443,20.2,26.5,0.762,13.0,34.0,47.0,21.6,8.1,4.3,15.7,25.0,102.2,2004
New Orleans Hornets,30.3,41.0,41.0,41,41,-0.1,-0.62,-0.72,102.3,102.4,-0.1,89.1,0.293,0.252,0.505,0.46,14.1,30.6,0.22,0.476,15.0,71.3,0.218,82,19830,37.7,89.7,0.42,7.2,22.6,0.319,30.4,67.1,0.454,19.7,26.3,0.751,14.8,32.8,47.7,23.3,9.6,4.7,16.7,23.3,102.3,2004
Seattle SuperSonics,26.0,37.0,45.0,39,43,-0.63,0.66,0.02,107.3,108.0,-0.7,89.9,0.27,0.294,0.54,0.501,13.9,27.2,0.207,0.487,13.9,68.5,0.237,82,19805,39.6,88.8,0.446,9.7,26.1,0.373,29.9,62.7,0.476,18.4,24.0,0.765,12.2,31.2,43.5,24.0,8.9,5.2,16.0,24.0,107.3,2004
Golden State Warriors,28.1,37.0,45.0,39,43,-0.73,0.66,-0.07,103.0,103.8,-0.8,89.8,0.311,0.197,0.517,0.475,14.1,28.4,0.226,0.476,13.3,72.1,0.211,82,19855,38.7,87.7,0.442,5.8,17.3,0.334,32.9,70.4,0.468,19.8,27.3,0.725,13.5,34.1,47.6,22.6,7.8,5.2,16.3,22.8,103.0,2004
Portland Trail Blazers,27.6,41.0,41.0,37,45,-1.27,0.69,-0.58,103.7,105.1,-1.4,86.2,0.267,0.17,0.515,0.478,14.4,31.2,0.195,0.482,13.3,70.0,0.186,82,19980,40.4,90.1,0.448,5.3,15.4,0.346,35.1,74.7,0.469,17.6,24.1,0.731,14.5,33.1,47.6,24.6,8.5,6.2,16.9,21.7,103.7,2004
Utah Jazz,24.9,42.0,40.0,37,45,-1.22,0.69,-0.53,101.9,103.3,-1.4,86.6,0.356,0.127,0.509,0.456,16.1,34.1,0.266,0.468,15.4,72.4,0.319,82,19780,37.7,86.5,0.436,3.5,11.0,0.321,34.2,75.5,0.453,23.0,30.8,0.746,15.5,31.8,47.3,23.4,8.2,6.9,19.1,29.4,101.9,2004
Boston Celtics,26.4,36.0,46.0,37,45,-1.45,-0.54,-1.99,102.1,103.7,-1.6,93.2,0.327,0.249,0.532,0.486,15.4,25.2,0.245,0.479,15.7,69.5,0.24,82,19705,37.2,83.9,0.443,7.2,20.9,0.346,29.9,63.0,0.475,20.5,27.4,0.75,11.1,31.9,43.0,22.0,10.1,4.3,17.4,24.0,102.1,2004
New York Knicks,29.6,39.0,43.0,36,46,-1.48,-0.49,-1.97,101.7,103.3,-1.6,89.5,0.266,0.171,0.518,0.474,15.1,28.0,0.211,0.461,13.2,72.8,0.259,82,19880,38.9,87.8,0.442,5.5,15.0,0.364,33.4,72.8,0.459,18.5,23.4,0.793,12.8,34.3,47.1,22.9,8.2,5.3,17.4,25.6,101.7,2004
Philadelphia 76ers,27.5,33.0,49.0,33,49,-2.49,-0.46,-2.95,99.1,101.9,-2.8,88.0,0.321,0.158,0.505,0.456,15.5,28.2,0.242,0.467,14.7,70.7,0.231,82,19855,36.8,86.0,0.428,4.7,13.6,0.342,32.2,72.3,0.445,20.8,27.6,0.753,12.9,33.1,46.0,22.5,9.0,4.9,17.9,23.4,99.1,2004
Cleveland Cavaliers,24.9,35.0,47.0,33,49,-2.62,-0.44,-3.07,101.4,104.2,-2.8,90.8,0.301,0.116,0.498,0.451,13.7,31.1,0.226,0.469,12.3,73.0,0.221,82,19855,38.9,89.9,0.433,3.3,10.5,0.314,35.6,79.4,0.448,20.3,27.0,0.753,14.9,34.8,49.7,24.1,7.8,7.1,16.2,23.2,101.4,2004
Toronto Raptors,27.6,33.0,49.0,31,51,-3.01,-0.4,-3.42,97.0,100.4,-3.4,86.8,0.26,0.204,0.495,0.454,14.1,23.8,0.195,0.449,14.1,70.1,0.241,82,19980,36.7,87.9,0.418,6.4,17.9,0.356,30.4,70.0,0.434,17.1,22.8,0.75,11.5,33.5,45.0,21.8,8.4,5.6,16.1,24.2,97.0,2004
Phoenix Suns,24.4,29.0,53.0,30,52,-3.74,0.8,-2.94,101.4,105.5,-4.1,92.6,0.28,0.18,0.515,0.475,14.3,26.6,0.209,0.482,14.7,69.9,0.24,82,19730,38.8,87.6,0.443,5.5,15.8,0.345,33.4,71.8,0.465,18.3,24.5,0.746,12.1,31.6,43.7,20.8,9.6,5.0,16.4,24.5,101.4,2004
Los Angeles Clippers,24.3,28.0,54.0,28,54,-4.59,0.84,-3.74,103.5,108.5,-5.0,91.0,0.35,0.156,0.512,0.453,15.0,32.8,0.275,0.494,12.9,70.0,0.231,82,19805,37.5,87.7,0.428,4.4,13.6,0.321,33.1,74.0,0.448,24.1,30.7,0.785,15.3,32.2,47.5,22.0,7.9,5.0,17.9,24.2,103.5,2004
Atlanta Hawks,26.2,28.0,54.0,28,54,-4.65,-0.36,-5.0,101.0,106.1,-5.1,90.8,0.303,0.191,0.514,0.465,15.4,28.6,0.235,0.476,13.1,70.5,0.234,82,19905,37.6,86.7,0.433,5.6,16.6,0.335,32.0,70.1,0.456,20.4,26.2,0.776,13.2,33.3,46.5,21.9,8.3,5.4,17.9,24.2,101.0,2004
Washington Wizards,24.4,25.0,57.0,25,57,-5.63,-0.48,-6.12,98.8,104.8,-6.0,92.2,0.337,0.194,0.5,0.454,16.0,30.7,0.241,0.486,14.9,69.5,0.214,82,19830,36.2,86.0,0.421,5.7,16.6,0.341,30.5,69.4,0.44,20.7,29.0,0.714,14.6,31.4,46.0,20.2,9.6,5.3,18.9,22.5,98.8,2004
Chicago Bulls,26.8,23.0,59.0,23,59,-6.35,-0.33,-6.69,96.6,103.4,-6.8,92.2,0.272,0.186,0.486,0.446,14.9,28.1,0.197,0.469,14.1,71.4,0.253,82,19830,36.7,88.7,0.414,5.6,16.5,0.342,31.1,72.2,0.431,17.5,24.1,0.725,13.8,33.1,46.8,23.5,8.7,5.2,17.3,25.1,96.6,2004
Orlando Magic,25.8,21.0,61.0,22,60,-7.02,-0.23,-7.25,102.7,110.4,-7.7,90.8,0.296,0.184,0.504,0.461,12.8,28.1,0.218,0.502,12.7,68.7,0.214,82,19830,38.7,90.2,0.429,5.7,16.6,0.344,33.0,73.5,0.448,19.6,26.6,0.737,13.4,31.3,44.7,21.1,7.3,4.1,15.0,23.2,102.7,2004
